,loss,accuracy,val_loss,val_accuracy
0,2.8761677742004395,0.3863413333892822,0.9316784739494324,0.773821234703064
1,1.1552114486694336,0.6906165480613708,0.6115920543670654,0.8182711005210876
2,0.8449848294258118,0.7638786435127258,0.5454915761947632,0.8258841037750244
3,0.7204118371009827,0.7870916128158569,0.5064584016799927,0.8374263048171997
4,0.6269620656967163,0.8106116652488708,0.5300506949424744,0.8273575901985168
5,0.5584935545921326,0.8321665525436401,0.5186205506324768,0.8278487324714661
6,0.5029633641242981,0.8498526215553284,0.5468282103538513,0.8239194750785828
7,0.449396014213562,0.8632400035858154,0.5213207006454468,0.835952877998352
8,0.41319283843040466,0.8755834102630615,0.5468060374259949,0.8278487324714661
