,loss,accuracy,val_loss,val_accuracy
0,3.019305467605591,0.3723025918006897,0.9993934035301208,0.7706286907196045
1,1.161318063735962,0.6961434483528137,0.6082481145858765,0.8192534446716309
2,0.8951001763343811,0.7456399202346802,0.5310560464859009,0.8445481061935425
3,0.7681735157966614,0.7724146246910095,0.4872453212738037,0.8519155383110046
4,0.6605330109596252,0.8061901330947876,0.49289900064468384,0.8514243364334106
5,0.6092251539230347,0.8123311400413513,0.48924872279167175,0.8484774231910706
6,0.5574632287025452,0.8307541012763977,0.5199728608131409,0.8416011929512024
7,0.5057380795478821,0.8480717539787292,0.5138729214668274,0.8445481061935425
8,0.4753069579601288,0.8535372018814087,0.5028616189956665,0.8487229943275452
