,loss,accuracy,val_loss,val_accuracy
0,2.357042074203491,0.5152994990348816,0.6196815371513367,0.8457760214805603
1,0.7698661088943481,0.7934413552284241,0.3858049213886261,0.8838408589363098
2,0.5564520955085754,0.8410634994506836,0.32863563299179077,0.8998035192489624
3,0.44298484921455383,0.8737261295318604,0.3296435475349426,0.8948919177055359
4,0.36761558055877686,0.8931277990341187,0.3344835042953491,0.898821234703064
5,0.31075936555862427,0.9076300263404846,0.3368723392486572,0.8980844616889954
6,0.2866958975791931,0.9159916639328003,0.3459509611129761,0.892436146736145
7,0.23979219794273376,0.9276195168495178,0.35379520058631897,0.8948919177055359
