,loss,accuracy,val_loss,val_accuracy
0,2.326672315597534,0.5189453363418579,0.587231457233429,0.8637033104896545
1,0.759279727935791,0.7987980246543884,0.3930565118789673,0.882612943649292
2,0.5524747371673584,0.844787061214447,0.34776467084884644,0.8931728601455688
3,0.44607630372047424,0.8732035756111145,0.32166263461112976,0.8939096331596375
4,0.36900001764297485,0.8922132253646851,0.33903616666793823,0.892436146736145
5,0.3114512860774994,0.9097857475280762,0.33716636896133423,0.8919450044631958
6,0.27827394008636475,0.9166448712348938,0.35020729899406433,0.8865422606468201
7,0.23572134971618652,0.9301672577857971,0.39041823148727417,0.884332001209259
8,0.21401111781597137,0.9354586005210876,0.3899669051170349,0.8850687742233276
