,loss,accuracy,val_loss,val_accuracy
0,2.0154435634613037,0.5847395062446594,0.5633111596107483,0.8501268029212952
1,0.5577229261398315,0.8531901836395264,0.4376106560230255,0.8729536533355713
2,0.32224881649017334,0.9129026532173157,0.42547592520713806,0.8766428232192993
3,0.2008914351463318,0.9482983946800232,0.4653753340244293,0.8720313310623169
4,0.13454632461071014,0.9650588035583496,0.4883934557437897,0.8754899501800537
5,0.09768830984830856,0.976478636264801,0.5583622455596924,0.8595803380012512
6,0.07486990094184875,0.9823305606842041,0.5471506714820862,0.8644224405288696
7,0.06551279127597809,0.9840918183326721,0.5801011323928833,0.8646529912948608
