,loss,accuracy,val_loss,val_accuracy
0,1.2810863256454468,0.707573413848877,0.4271778464317322,0.8731842041015625
1,0.47434183955192566,0.8686438202857971,0.4039444625377655,0.8805626034736633
2,0.3244873583316803,0.904494047164917,0.464701771736145,0.8773345351219177
3,0.23466242849826813,0.9321629405021667,0.47924375534057617,0.8754899501800537
4,0.1829260140657425,0.945514440536499,0.5437813401222229,0.8745676875114441
5,0.1494179517030716,0.95596843957901,0.5625213384628296,0.8715702295303345
6,0.12337750196456909,0.9630134701728821,0.6323215365409851,0.8621166944503784
