,loss,accuracy,val_loss,val_accuracy
0,1.2979133129119873,0.7080279588699341,0.4563119113445282,0.8706479072570801
1,0.472356915473938,0.864041805267334,0.4314863979816437,0.8849434852600098
2,0.33590051531791687,0.9025623798370361,0.4870453476905823,0.8738759756088257
3,0.23577037453651428,0.9308562278747559,0.49811115860939026,0.8812543153762817
4,0.1811542809009552,0.9459121823310852,0.5944730639457703,0.8699561953544617
5,0.1537676602602005,0.9549457430839539,0.571897566318512,0.8787180185317993
6,0.13224589824676514,0.9621044397354126,0.5905256271362305,0.8711090683937073
