,loss,accuracy,val_loss,val_accuracy
0,1.8347043991088867,0.6178057789802551,0.48346778750419617,0.865114152431488
1,0.5365371108055115,0.8500085473060608,0.40963879227638245,0.8817154765129089
2,0.3594200611114502,0.8973353505134583,0.40437963604927063,0.8884021043777466
3,0.253548800945282,0.9259132742881775,0.4301324784755707,0.8840212225914001
4,0.18630491197109222,0.9491506218910217,0.424967497587204,0.8863269686698914
5,0.1443553864955902,0.958297848701477,0.47093889117240906,0.885635256767273
6,0.1096537709236145,0.9701721668243408,0.498469740152359,0.8807931542396545
7,0.09272154420614243,0.9748309850692749,0.5084684491157532,0.8847129344940186
