,loss,accuracy,val_loss,val_accuracy
0,2.0702970027923584,0.5775882005691528,0.5293370485305786,0.8642701506614685
1,0.5618855953216553,0.853297233581543,0.4144609868526459,0.8712418079376221
2,0.3336118459701538,0.9112289547920227,0.3978322446346283,0.8836601376533508
3,0.21867628395557404,0.9432210922241211,0.4195505380630493,0.8808279037475586
4,0.14315177500247955,0.9631081223487854,0.4407634735107422,0.8814814686775208
5,0.09828238934278488,0.9756744503974915,0.4564347267150879,0.8816993236541748
6,0.07620051503181458,0.9820728898048401,0.5239362120628357,0.8657951951026917
7,0.06882262974977493,0.9824763536453247,0.5062994360923767,0.8753812909126282
