,loss,accuracy,val_loss,val_accuracy
0,2.198197364807129,0.5344014763832092,0.6281424760818481,0.8358312249183655
1,0.6517962217330933,0.8264303207397461,0.46612200140953064,0.85934978723526
2,0.39190974831581116,0.8936424255371094,0.43759429454803467,0.8671892881393433
3,0.2555532455444336,0.9319924712181091,0.4472709000110626,0.8653447031974792
4,0.18258067965507507,0.9525027275085449,0.4700259268283844,0.8671892881393433
5,0.1233052909374237,0.9703993797302246,0.4930996596813202,0.8644224405288696
6,0.10005208104848862,0.9763081669807434,0.5288853049278259,0.8598109483718872
7,0.07685797661542892,0.9834100604057312,0.5405495166778564,0.8598109483718872
