,loss,accuracy,val_loss,val_accuracy
0,1.2913305759429932,0.7045192718505859,0.44613945484161377,0.8732026219367981
1,0.48311591148376465,0.8638460040092468,0.39379188418388367,0.8932461738586426
2,0.33176344633102417,0.9040235280990601,0.4661867320537567,0.8753812909126282
3,0.24327915906906128,0.9298478364944458,0.4602559804916382,0.8864923715591431
4,0.1886320263147354,0.9453539252281189,0.48574069142341614,0.8864923715591431
5,0.14772441983222961,0.9567096829414368,0.5594393610954285,0.8801742792129517
6,0.12006843835115433,0.964260995388031,0.6076338291168213,0.8736383318901062
