,loss,accuracy,val_loss,val_accuracy
0,1.6398619413375854,0.643599808216095,0.441916823387146,0.8694950342178345
1,0.52110356092453,0.8558604717254639,0.40640339255332947,0.8837906122207642
2,0.30356886982917786,0.9164252281188965,0.43963780999183655,0.8768734335899353
3,0.2010851800441742,0.9427305459976196,0.4709152281284332,0.8771039843559265
4,0.14328251779079437,0.9602863192558289,0.5453131794929504,0.866958737373352
5,0.11588940024375916,0.9685245156288147,0.5631045699119568,0.865114152431488
6,0.0983743891119957,0.9721606969833374,0.5813000202178955,0.865114152431488
