,loss,accuracy,val_loss,val_accuracy
0,2.2867066860198975,0.5327991843223572,0.6132498383522034,0.8413943648338318
1,0.6709388494491577,0.8201521635055542,0.4403211176395416,0.8666666746139526
2,0.43379154801368713,0.8802743554115295,0.41650015115737915,0.8749455213546753
3,0.307429701089859,0.9141687750816345,0.4444887638092041,0.8655773401260376
4,0.22935041785240173,0.9360733032226562,0.43478307127952576,0.8705882430076599
5,0.1809377372264862,0.9511759281158447,0.45268628001213074,0.8745098114013672
6,0.13438206911087036,0.9631081223487854,0.4990851879119873,0.8712418079376221
7,0.10977613180875778,0.9709476828575134,0.5072735548019409,0.8725489974021912
