,loss,accuracy,val_loss,val_accuracy
0,1.8455767631530762,0.6173045635223389,0.46731632947921753,0.8673202395439148
1,0.5414720177650452,0.8500115275382996,0.4056023955345154,0.8760348558425903
2,0.3583846986293793,0.8980286121368408,0.3940623700618744,0.886274516582489
3,0.24949291348457336,0.9274844527244568,0.4171462059020996,0.8777777552604675
4,0.1795954406261444,0.9486396312713623,0.44143402576446533,0.8786492347717285
5,0.13850440084934235,0.9614941477775574,0.4856225550174713,0.8771241903305054
6,0.11079490929841995,0.9695641994476318,0.48031219840049744,0.8790849447250366
7,0.08840497583150864,0.9755591154098511,0.49191340804100037,0.8795207142829895
