,loss,accuracy,val_loss,val_accuracy
0,1.8599880933761597,0.611385703086853,0.4768136143684387,0.8688033223152161
1,0.5449751615524292,0.849383533000946,0.39751189947128296,0.8884021043777466
2,0.34844911098480225,0.902732789516449,0.4069286286830902,0.8863269686698914
3,0.24462078511714935,0.9289245009422302,0.441064715385437,0.8814849257469177
4,0.17825867235660553,0.9488665461540222,0.4726886749267578,0.8801014423370361
5,0.14046266674995422,0.9600022435188293,0.48167622089385986,0.8847129344940186
6,0.1076691523194313,0.9688653945922852,0.5384631752967834,0.8745676875114441
