,loss,accuracy,val_loss,val_accuracy
0,2.4592504501342773,0.48088178038597107,0.7771934270858765,0.8127738237380981
1,0.7769747376441956,0.7959774732589722,0.5146951079368591,0.8501268029212952
2,0.5113630294799805,0.8580194115638733,0.4695829749107361,0.8600414991378784
3,0.35275349020957947,0.9031873345375061,0.4692208170890808,0.8591192364692688
4,0.2510453760623932,0.9325038194656372,0.4815491735935211,0.8588886260986328
5,0.18711861968040466,0.9512527585029602,0.5196533203125,0.8549688458442688
6,0.1398458480834961,0.9633543491363525,0.5370997786521912,0.8551994562149048
7,0.11003082245588303,0.9726151823997498,0.5569887757301331,0.8547382950782776
