,loss,accuracy,val_loss,val_accuracy
0,1.261618733406067,0.7120618224143982,0.40647611021995544,0.8918607234954834
1,0.4733732044696808,0.8671098351478577,0.41030991077423096,0.8837906122207642
2,0.330627977848053,0.9040395617485046,0.43570655584335327,0.8826377391815186
3,0.24383926391601562,0.9282995462417603,0.4859938621520996,0.8833295106887817
4,0.18782654404640198,0.9438668489456177,0.500937283039093,0.8807931542396545
5,0.15453322231769562,0.9539230465888977,0.5300341844558716,0.8789485692977905
