,loss,accuracy,val_loss,val_accuracy
0,2.0052716732025146,0.5857621431350708,0.5430154800415039,0.8588886260986328
1,0.5554437637329102,0.8564286231994629,0.42183929681777954,0.8830989003181458
2,0.32193723320961,0.9156866073608398,0.43445900082588196,0.8757205605506897
3,0.2087281197309494,0.9444918036460876,0.4378143548965454,0.8803320527076721
4,0.14037735760211945,0.9646611213684082,0.4710017144680023,0.8798708915710449
5,0.10002949833869934,0.9763081669807434,0.521099865436554,0.8736453652381897
6,0.07757849246263504,0.9804556369781494,0.5327503085136414,0.8678810000419617
