,loss,accuracy,val_loss,val_accuracy
0,1.6350350379943848,0.642494797706604,0.4389859437942505,0.8736383318901062
1,0.5059702396392822,0.864595353603363,0.39019575715065,0.8836601376533508
2,0.30591723322868347,0.9122089147567749,0.41499051451683044,0.8795207142829895
3,0.20078882575035095,0.9443163275718689,0.4563758075237274,0.8769063353538513
4,0.1486111730337143,0.9598224759101868,0.5188410878181458,0.8666666746139526
5,0.10887076705694199,0.9696794748306274,0.5660523772239685,0.8644880056381226
6,0.09137687087059021,0.9757320880889893,0.6051504611968994,0.8538126349449158
