,loss,accuracy,val_loss,val_accuracy
0,2.2365987300872803,0.5307239890098572,0.6426799893379211,0.8370370268821716
1,0.6652324795722961,0.825685977935791,0.45838502049446106,0.8664488196372986
2,0.3966316878795624,0.8946276307106018,0.4346206486225128,0.8692810535430908
3,0.2627568244934082,0.9293866753578186,0.4511500597000122,0.8671023845672607
4,0.1789085417985916,0.9541733860969543,0.46744707226753235,0.8688453435897827
5,0.13280734419822693,0.9646068811416626,0.5035017728805542,0.8590413928031921
6,0.09939445555210114,0.9768273234367371,0.5308464765548706,0.8627451062202454
7,0.07817064970731735,0.9813811182975769,0.5474326014518738,0.857516348361969
