,loss,accuracy,val_loss,val_accuracy
0,1.631991982460022,0.6414976716041565,0.4454236924648285,0.8741065263748169
1,0.5014175176620483,0.8609738349914551,0.41152945160865784,0.8803320527076721
2,0.3021300733089447,0.9135276675224304,0.43148842453956604,0.885404646396637
3,0.19996975362300873,0.9435259103775024,0.46725279092788696,0.8759511113166809
4,0.14377285540103912,0.9605135917663574,0.5113911628723145,0.8750288486480713
5,0.111666239798069,0.9693767428398132,0.5841855406761169,0.85727459192276
6,0.08329521119594574,0.978239893913269,0.5608164072036743,0.8724924921989441
7,0.08180263638496399,0.9757968187332153,0.6029254794120789,0.8678810000419617
