,loss,accuracy,val_loss,val_accuracy
0,2.025242567062378,0.5847963094711304,0.5483229160308838,0.8531242609024048
1,0.5614347457885742,0.8508039116859436,0.42590031027793884,0.8724924921989441
2,0.3279733955860138,0.9101755619049072,0.42776718735694885,0.8708784580230713
3,0.2032642960548401,0.9479575157165527,0.4346625506877899,0.8784874081611633
4,0.14133425056934357,0.9635816216468811,0.4610309600830078,0.8736453652381897
5,0.10346224159002304,0.975910484790802,0.4821886122226715,0.8766428232192993
6,0.07939167320728302,0.980057954788208,0.5240631699562073,0.8683421611785889
7,0.06235214322805405,0.9855690002441406,0.5249724984169006,0.8722619414329529
8,0.05438879504799843,0.9865916967391968,0.570581316947937,0.8692644834518433
