,loss,accuracy,val_loss,val_accuracy
0,2.27150297164917,0.5354809165000916,0.5970171093940735,0.847821056842804
1,0.6578275561332703,0.822339653968811,0.4540340304374695,0.8697256445884705
2,0.42343568801879883,0.880972683429718,0.42991718649864197,0.8789485692977905
3,0.29927289485931396,0.9146639108657837,0.448752224445343,0.8777956962585449
4,0.2234642058610916,0.937276303768158,0.46029132604599,0.8764122724533081
5,0.17126533389091492,0.9536958336830139,0.5081652998924255,0.8708784580230713
6,0.13681131601333618,0.9635248184204102,0.5303034782409668,0.8616555333137512
7,0.10893622785806656,0.9696040153503418,0.5767836570739746,0.8605026602745056
