,loss,accuracy,val_loss,val_accuracy
0,1.8326499462127686,0.6163285970687866,0.4770779609680176,0.865114152431488
1,0.5319263935089111,0.8533037900924683,0.4170840084552765,0.8777956962585449
2,0.33978426456451416,0.9040395617485046,0.4224551320075989,0.8851740956306458
3,0.2413216233253479,0.9306289553642273,0.4379182755947113,0.8791791796684265
4,0.1766035407781601,0.9510254859924316,0.47572362422943115,0.8766428232192993
5,0.1324700564146042,0.9629566669464111,0.5060611963272095,0.8787180185317993
6,0.11270763725042343,0.9686949849128723,0.510918140411377,0.8787180185317993
7,0.09713856130838394,0.9727288484573364,0.5483746528625488,0.8704173564910889
