,loss,accuracy,val_loss,val_accuracy
0,1.923999547958374,0.6123091578483582,0.451677531003952,0.8764734864234924
1,0.5179542303085327,0.8557063341140747,0.3824510872364044,0.8823673725128174
2,0.324212908744812,0.9078628420829773,0.38302043080329895,0.8877701163291931
3,0.22091154754161835,0.9331233501434326,0.3872363865375519,0.8919450044631958
4,0.17618751525878906,0.94881272315979,0.3954313397407532,0.890717089176178
5,0.13641482591629028,0.961291491985321,0.41358482837677,0.8899803757667542
6,0.10784600675106049,0.9704385995864868,0.44714847207069397,0.8865422606468201
7,0.09292691200971603,0.9723164439201355,0.45475277304649353,0.8816306591033936
8,0.0731659010052681,0.9803731441497803,0.5017247796058655,0.8838408589363098
