,loss,accuracy,val_loss,val_accuracy
0,1.2963804006576538,0.7075357437133789,0.3996231257915497,0.8789292573928833
1,0.44735124707221985,0.8713350892066956,0.4017029404640198,0.8772101998329163
2,0.3024594783782959,0.9102859497070312,0.4381965398788452,0.8784381151199341
3,0.22378215193748474,0.9346983432769775,0.46859779953956604,0.8737720847129822
4,0.1830214411020279,0.94548100233078,0.4509938359260559,0.8725442290306091
5,0.15013530850410461,0.9554761052131653,0.5509480237960815,0.8659135699272156
