,loss,accuracy,val_loss,val_accuracy
0,1.919142484664917,0.612975537776947,0.4481726288795471,0.8801571726799011
1,0.5078126192092896,0.8581293821334839,0.3731554448604584,0.8897347450256348
2,0.32795611023902893,0.9044705629348755,0.3798489570617676,0.8902259469032288
3,0.22580057382583618,0.9351223707199097,0.384366512298584,0.892436146736145
4,0.17613013088703156,0.9477828741073608,0.41592875123023987,0.8880156874656677
5,0.1284782886505127,0.9636539816856384,0.4258917272090912,0.8916994333267212
6,0.10204153507947922,0.9738308787345886,0.4567325711250305,0.884332001209259
7,0.08566955476999283,0.9771019816398621,0.4785735011100769,0.8818762302398682
8,0.0797395259141922,0.9772837162017822,0.5075704455375671,0.8784381151199341
