,loss,accuracy,val_loss,val_accuracy
0,1.296538233757019,0.7080809473991394,0.38260242342948914,0.8850687742233276
1,0.44787487387657166,0.8725466728210449,0.38265809416770935,0.8899803757667542
2,0.2970881164073944,0.9127089977264404,0.4696706235408783,0.8681237697601318
3,0.22867053747177124,0.9325175881385803,0.48348960280418396,0.876719057559967
4,0.1862410008907318,0.945723295211792,0.49031689763069153,0.8801571726799011
5,0.14742974936962128,0.9559001922607422,0.5177953243255615,0.8774557709693909
6,0.1272171586751938,0.9616549611091614,0.5139689445495605,0.8769646286964417
