,loss,accuracy,val_loss,val_accuracy
0,1.2996786832809448,0.7080203294754028,0.39787739515304565,0.8828585743904114
1,0.44912123680114746,0.8742427825927734,0.3926873803138733,0.8887524604797363
2,0.2975310683250427,0.9131330251693726,0.41451871395111084,0.8885068893432617
3,0.24037188291549683,0.9299127459526062,0.47227758169174194,0.8796660304069519
4,0.17615558207035065,0.9474194049835205,0.4971325099468231,0.8811395168304443
5,0.14154529571533203,0.9578385949134827,0.5083035826683044,0.8786836862564087
6,0.1342209279537201,0.9610491991043091,0.5442696809768677,0.8688604831695557
