,loss,accuracy,val_loss,val_accuracy
0,2.2742512226104736,0.5546401739120483,0.6199029684066772,0.8438113927841187
1,0.652724027633667,0.8282045125961304,0.4345437288284302,0.8629665970802307
2,0.4148014187812805,0.881451427936554,0.41883835196495056,0.869106113910675
3,0.2865566909313202,0.9211291670799255,0.4180932939052582,0.8730353713035583
4,0.21224114298820496,0.9391810297966003,0.45635226368904114,0.8605108261108398
5,0.17264795303344727,0.951538622379303,0.4681364893913269,0.867387056350708
6,0.13648942112922668,0.9616549611091614,0.4856637716293335,0.865176796913147
7,0.11497928202152252,0.9681366682052612,0.5125682353973389,0.8612475395202637
8,0.0967203676700592,0.9723164439201355,0.5077947378158569,0.8681237697601318
