,loss,accuracy,val_loss,val_accuracy
0,2.7122206687927246,0.4574751555919647,0.8126881122589111,0.8109037280082703
1,0.8415510654449463,0.7796220183372498,0.5212222933769226,0.848231852054596
2,0.5473575592041016,0.8481948375701904,0.4844532907009125,0.8506876230239868
3,0.40025779604911804,0.8861158490180969,0.48993876576423645,0.859282910823822
4,0.3026914596557617,0.9145262837409973,0.48921525478363037,0.8583005666732788
5,0.23805207014083862,0.9322752356529236,0.514954686164856,0.8533890247344971
6,0.19562794268131256,0.9456627368927002,0.5353119373321533,0.8524066805839539
7,0.15892294049263,0.9554761052131653,0.5488243699073792,0.8524066805839539
8,0.12552925944328308,0.9668039679527283,0.5776386857032776,0.8536345958709717
