,loss,accuracy,val_loss,val_accuracy
0,1.9445005655288696,0.6086689829826355,0.46495941281318665,0.8753494620323181
1,0.5217800736427307,0.8568885326385498,0.36094924807548523,0.8902609348297119
2,0.3259568512439728,0.906434178352356,0.36402249336242676,0.8893289566040039
3,0.23079556226730347,0.9340618848800659,0.38294991850852966,0.8879310488700867
4,0.1697847545146942,0.9506385326385498,0.3915356993675232,0.8886300325393677
5,0.13561993837356567,0.9612598419189453,0.4175471365451813,0.8860670924186707
6,0.11625637114048004,0.9672151207923889,0.4436805248260498,0.8865330815315247
