,loss,accuracy,val_loss,val_accuracy
0,1.291243553161621,0.7071722745895386,0.4220079481601715,0.8754911422729492
1,0.44829580187797546,0.8716985583305359,0.3939152956008911,0.884332001209259
2,0.31199997663497925,0.9076205492019653,0.3763273358345032,0.8926817178726196
3,0.22990967333316803,0.9304579496383667,0.4676872193813324,0.8804027438163757
4,0.17925705015659332,0.9465107917785645,0.45396673679351807,0.8887524604797363
5,0.1477513611316681,0.9572328329086304,0.519812285900116,0.8791748285293579
6,0.12715443968772888,0.9605645537376404,0.4942418336868286,0.884823203086853
7,0.1181655153632164,0.9665011167526245,0.5361014604568481,0.8786836862564087
