,loss,accuracy,val_loss,val_accuracy
0,2.3336775302886963,0.5327720046043396,0.6113145351409912,0.8487229943275452
1,0.6654838919639587,0.8249939680099487,0.43507570028305054,0.865667998790741
2,0.42224234342575073,0.8827841281890869,0.3971778452396393,0.8777014017105103
3,0.2937146723270416,0.9150714874267578,0.41851651668548584,0.8740176558494568
4,0.22318018972873688,0.9373636841773987,0.45026788115501404,0.8698428273200989
5,0.1789388358592987,0.950387716293335,0.4588622450828552,0.8659135699272156
6,0.13822752237319946,0.9620789885520935,0.4512610137462616,0.8727898001670837
7,0.10968489199876785,0.9698328375816345,0.5102304220199585,0.8678781986236572
